Name,City
4ème Set Rognen,Rognes
A B Chapelle d'Armentières,La Chapelle-d'Armentières
A Badminton Du Canton De Fayence,Fayence/Montauroux
A S Badminton Cintré,Cintré
A. B. C. Coulounieix Chamiers,Coulounieix-Chamiers
A. De Badminton De Genilac,Genilac
A. et P. Ecoles Laiques De Begles,Bègles
A. L. Badminton Club Briochin,Saint-Brieuc
A. L. Du Palais/vienne-badminton,Le Palais-sur-Vienne
A. Maissoise De Badminton,Maisse
A. O. Geromoise Badminton Club,Gérardmer
A. O. Westhoffen Badminton,Westhoffen
A. Omnisport Trappiste-badminton,Trappes
A. S. B. Halluin,Halluin
A. S. Badminton Sorignois,Sorigny
A. S. L. Noyers Missy,Noyers-Bocage
A. S. Saint-Germain-lès-Arpajon Badminton,Saint-Germain-lès-Arpajon
A. Sport Saint Gratien Badminton,Saint-Gratien
A. Sport. Cheminots Nancy Bad.","Nancy
A. Sport. Cult.  St Barthelemy,Saint-Barthélemy-d'Anjou
A. Sport.etcult. Pessac Alouette,Pessac
A.b.c. Arbois,Arbois
A.b.st Etienne Au Mont,Saint-Étienne-au-Mont
A.l De Bourgbarre Badminton,Bourgbarré
A.o. Tourrette Levens,Tourrette-Levens
A.O.M. Badminton,Muides-sur-Loire
a.s bad chanusien,Chanu
A.s.  De Badminton Lorousaine,Le Loroux-Bottereau
A.s. Ayguesvivoise,Ayguesvives
A.s. Badminton Pont A Mousson,Pont-à-Mousson
A.s. Cheminots De Metz-badminton,Metz
A.s. Johnson Controls-Roth,Strasbourg
A.S. Ponts De Cé Badminton,Les Ponts-de-Cé
A.s. Toulouse Mirail Badminton,Toulouse
A.s.badminton Nogent,Nogent-sur-Vernisson
A.s.c. Sainte Afre Riedisheim,Riedisheim
A.S.Cheminots de Strasbourg,Strasbourg
A.s.l. Robertsau,Strasbourg
AccrosBad de la Côtière,Miribel
ADA Badminton,Blois
Aigrefeuille Sur Maine Badminton Club,Aigrefeuille-sur-Maine
Aigues-Vives Badminton,Aigues-Vives
Ailes Sportives Airbus Helicopter - Badminton,Marignane
Ailes Sportives Bouguenais Rezé,Rezé
Aillant Sport Badminton,Aillant-sur-Tholon
Ailly Badminton Club,Ailly-sur-Noye
Aix Universite Club Badminton,Aix-en-Provence
Aizenay Badminton,Aizenay
AJEVIF Badminton 13,Paris
Ajoncs D'Or BaDminton,Saint-Nolff
AL Badminton Plonéour-Lanvern,Plonéour-Lanvern
AL Gond Pontouvre badminton,Gond-Pontouvre
AL Ploemeur Badminton,Ploemeur
Albert Sport Badminton,Albert
Albi Badminton Club,Albi
ALC Longvic Badminton,Longvic
ALCEP Badminton Carquefou,Carquefou
Alerte Evron,Évron
Alerte Saint Jean - Badminton,Saint-Jean-de-la-Ruelle
Alerte Saint Jean De Boiseau,Saint-Jean-de-Boiseau
Alerte Sportive Fondettoise,Fondettes
ALJ Limay Badminton,Limay
Alliance Club Sportif Buzancais,Buzançais
Ambazac Badminton,Ambazac
Amic. Sport. des agents de la Métropole Nantaise,Nantes
Amicale Badminton de Nevers,Nevers
Amicale Badminton Spinolienne,Épinay-sur-Orge
Amicale de Badminton Stéphanois,Saint-Étienne-de-Montluc
Amicale Jeunes De Thorigny Bad,Thorigny-sur-Marne
Amicale Laique Badminton Luce,Lucé
Amicale Laique Césaire Levillain Badminton,Le Grand-Quevilly
Amicale Laique Chateaubriant,Châteaubriant
Amicale Laique de Bretigny-sur-Orge,Brétigny-sur-Orge
Amicale Laique De Bruz,Bruz
Amicale Laique De Cachan,Cachan
Amicale Laïque de Marquise,Marquise
Amicale Laique De Saint Flour,Saint-Flour
Amicale Laique de Sees,Sées
Amicale Laique De St Michel,Évreux
Amicale Laique De Toul Badminton,Toul
Amicale Laique Echirolles,Échirolles
Amicale Laique Eysines Badminton,Eysines
Amicale Laique Gouzon et Frjep,Gouzon
Amicale Laïque Hericourt,Héricourt
Amicale Laique Leucate,Leucate
Amicale Laique Lons Le Saunier,Lons-le-Saunier
Amicale Laique Marans Badminton,Marans
Amicale Laique Melesse,Melesse
Amicale Laique Redon Badminton,Redon
Amicale Laique St Martin Le V.","Saint-Martin-le-Vinoux
Amicale Laïque Tatinghem Badminton,Tatinghem
Amicale Laique Testerine,La Teste-de-Buch
Amicale Laique Villecresnes,Villecresnes
Amicale Manin Sport Paris-Est,Paris
Amicale Mermoz Courcy Badminton,Courcy et Saint Thierry
Amicale Sport. Harfleur Beaulieu,Harfleur
Amicale Sportive Noyalaise Bad.","Noyal-sur-Vilaine
Amiens Univ. Club Badminton,Amiens
Amis Du Badminton Chatenois,Châtenois
Ancemont Badminton,Ancemont
Ancenis Badminton Club,Ancenis
Andernos Badminton Club,Andernos-les-Bains
Andrezieux Bouthéon Badminton Club,Andrézieux-Bouthéon
Anduze Badminton Club,Anduze
Anet Bu Badminton Club,Anet
Anille Braye Omnisport Inter.","Saint-Calais
Annecy Badminton Club,Annecy
Apt Badminton Club,Apt
Arc Badminton Club,Arc-sur-Tille
Archépontain Badminton Club,Pont-de-l'Arche
Ardon Badminton Club,Ardon
Argoët Badminton Elven,Elven
Ars Badminton Club,Ars-sur-Moselle
Art et Culture 15eme,Paris
Artenay Badminton Club,Artenay
AS BAD 87 LIMOGES,Limoges
As Badminton De Montlouis,Montlouis-sur-Loire
As Badminton House,Paris
As Centre D'essais Aeronautique,Toulouse
As Courdimanche,Courdimanche
As Des Cheminots Et Villeneuvois,Villeneuve-Saint-Georges
As Du Volant,Taverny/Saint Leu la Forêt
As Municipaux Rennes Metropole,Rennes
AS Ripault Badminton,Monts
AS Sapeurs Pompiers Rhone Bad.","Villeurbanne
As. A. et S. De Clery Saint Andre,Cléry-Saint-André
As. Bad. Crehange Faulquemont,Créhange et faulquemont
As.sportive Lamottoise,Lamotte-Beuvron
ASC Badminton Club Reiningue,Reiningue
Asl Badminton,Libourne
ASLB Kembs,Kembs
ASP Porcheville,Porcheville
Aspb Bergerac,Bergerac
Asptt Agen,Agen
Asptt Badminton Annecy,Annecy
Asptt Badminton Besançon,Besançon
Asptt Bourg en Bresse,Bourg-en-Bresse
Asptt Castres Badminton,Castres
Asptt Cayenne,Cayenne
Asptt Chalons En Champagne,Châlons-en-Champagne
Asptt De Limoges,Limoges
Asptt Marseille,Marseille
Asptt Montlucon Badminton,Montluçon
Asptt Paris,Paris
ASPTT Pau Badminton,Pau
ASPTT REIMS,Reims
Asptt Strasbourg,Strasbourg
ASPTT Vannes Badminton,Vannes
Ass  Les Fous Du Volant,Forcalquier
Ass Crolloise Badminton,Crolles
Ass De Badminton De Soustons,Soustons
Ass Développement Social et Culturel Région Plélan,Plélan-le-Grand
Ass Les Volants Du Temple,Le Temple-de-Bretagne
Ass Sport Culturelle Hanches Bad,Hanches
Ass Sportive De L'huisserie,L'Huisserie
Ass Sportive Rochettoise de Badminton,La Rochette
Ass Sportive Spaciale Aquitaine,Saint-Médard-en-Jalles
Ass. Amic. Sport. Sarcelles badminton,Sarcelles
Ass. Amicale Sport. Fresnes,Fresnes
Ass. Badminton Bourgogne Avallon,Avallon
Ass. Badminton Cernoise du volant,Cerny
Ass. Badminton Club Dionysien,Saint-Denis
Ass. Badminton Nusantara Paris,Paris
Ass. Badminton St Maurice,Saint-Maurice
Ass. Club Des Jeunes Du Plateau,Saint-Lupicin
Ass. Des Castelbourgeois Volants,Châteaubourg
Ass. Ligerienne Bad. Basse-Goulaine,Basse-Goulaine
Ass. Longjumelloise Badminton,Longjumeau
Ass. Mayennaise De Badminton,Mayenne
Ass. Orgeroise De Badminton,Orgères
Ass. Rambolitaine De Badminton,Rambouillet
Ass. Spor. Hewlett-packard,Grenoble
Ass. Sport. Bad A Brax,Brax
Ass. Sport. Bad. Genestonnaise,Geneston
Ass. Sport. Cult. Automobiles Peugeot,Montbéliard
Ass. Sport. Egly,Égly
Ass. Sport. et Cult. de l'AIA de Clermont Ferrand,Clermont-Ferrand
Ass. Sport. Etrechy,Étréchy
Ass. Sport. Evry,Évry
Ass. Sport. Fontenay Badminton,Fontenay-aux-Roses
Ass. Sport. Fontenay Le Fleury,Fontenay-le-Fleury
Ass. Sport. Mesnil St Denis,Le Mesnil-Saint-Denis
Ass. Sport. Mun. Chambourcy,Chambourcy
Ass. Sport. Plessis-savigny,Savigny-le-Temple
Ass. Sport. Sonchamp,Sonchamp
Ass. Sport. Vierzon Badminton,Vierzon
Ass. Sportive de Badminton,Nouzonville
Ass. Sportive de Gévezé - Badminton,Gévezé
Ass. Sportive De Ventabren,Ventabren
Ass. Sportive et Culturelle au Coeur des Graves,Saint-Selve
Ass. Sportive et Loisir Club Normand Aircelle,HARFLEUR MAYVILLE
Ass. Sportive Gournaisienne,Gournay-en-Bray
Ass. Sportive Louveciennes,Louveciennes
Ass. Sportive Luzarchoise,Luzarches
Ass. Sports Et Loisirs Conde s/ Sarthe,Condé-sur-Sarthe
Ass. St Maurice Du Perreux,Le Perreux-sur-Marne
Ass. Thiaisienne Badminton,Thiais
Ass.pers.spt.adm. Seine St Denis,Bobigny
Ass.person. Adm. Paris,Paris
Ass.sm Pau,Pau
Ass.spor. Credit Mutuel Bretagne,Rennes
Ass.sport. Bourg La Reine,Bourg-la-Reine
Ass.sport. De Villennes/seine,Villennes-sur-Seine
Ass.sport.du Mesnil Le Roi,Le Mesnil-le-Roi
Asso Badminton Champenois,Reims
Asso. Culture Et Loisirs Gramat,Gramat
Asso. Spor.omni.montenay Sec Bad,Montenay
Asso. Sport. Saint-Junien,Saint-Junien
Asso.sport. Et Loisirs De Bad.","Saint-Brevin-les-Pins
Asso.sportive De La Jeunesse,La Chaussée-Saint-Victor
Asso.Sportive Indépendante.bad.murs Erigne,Mûrs-Erigné
Asso.sportive Tonnerroise,Tonnerre
Asso.Unite Voisinage de la Roue,Rillieux-la-Pape
Assoc Sporti Badminton Portois,Le Port
Assoc. Badminton Club St Nazaire,Saint-Nazaire
Assoc. Sportive Crepynoise de Badminton,Crépy-en-Valois
Assoc.sport.et Corpo.municip.","Dijon
Assoc.sportive Hainnevillaise,Équeurdreville-Hainneville
Assoc.sportive Quetignoise,Quetigny
Assocation De Bad. Cosacien,Choisy-au-Bac
Associat. Badminton Pithiviers,Pithiviers
Association  Presloise de Badminton,Presles
Association Bad In Lez,Castelnau-le-Lez
Association Badminton Beconnais,Bécon-les-Granits
Association Badminton Carrouges,Carrouges
Association Badminton Club de Chouzy sur Cisse,Chouzy-sur-Cisse
Association Badminton Club De Dumbea,Dumbea
Association Badminton Club Domératois,Domérat
Association Badminton Club Mertzwiller,Mertzwiller
Association Badminton Combeaufontaine,Combeaufontaine
Association Badminton Commercy,Commercy
Association Badminton Coudekerque Branche,Coudekerque-Branche
Association Badminton Croix Daurade,Toulouse
ASSOCIATION BADMINTON DE COUPVRAY,Coupvray
Association Badminton De Mably,Mably
Association Badminton des 3 Rivières,Montmerle-sur-Saône
Association Badminton Loisir Sologne des Etangs,Neung-sur-Beuvron
Association Badminton Meyenheim,Meyenheim
Association Badminton Monsoise,Mons en Baroeul
Association Badminton Salbris,Salbris
Association Boos Badminton,Boos
Association Club Loisirs et Fêtes - Badminton,Fossé
Association Cregy Meaux Sports,Crégy-lès-Meaux
Association de  Badminton de Châtillon,Châtillon
Association de Badminton  de Sartilly,Sartilly
Association de Badminton d'Amanlis,Amanlis
Association de BadMinton de Caden,Caden
Association de Badminton de Chabanais,Chabanais
Association de Badminton de Conty,Conty
Association de Badminton de Corcoué sur Logne,Corcoué-sur-Logne
Association de Badminton de Foix,Foix
Association des Loisirs de Brecé Badminton,Brécé
Association du Volant Meyssacois,Meyssac
Association Familiale de Sundhoffen,Sundhoffen
Association Familles Rurales,Deville
Association Gibervillaise de Badminton,Giberville
Association Loisirs Sports Détente Plélo,Plélo
Association Magalassienne de Badminton,Magalas
Association Marcheprimaise de Badminton,Marcheprime
Association P et T Chartres,Chartres
Association P et T Orleans,Orléans
Association Portusienne de Badminton,Port-sur-Saône
Association Pouanceenne De Bad,Pouancé
Association Saint-Doul,Saint-Doulchard
Association Sport Culture Loisirs d'Amanvillers,Amanvillers
Association Sport et Bien Etre - Badminton,Wissous
Association Sport et Loisirs de Bennwihr,Bennwihr
Association Sport et Loisirs Vassy,Vassy
Association Sport Raquette Pignan,Pignan
Association Sport. Loisirs et Culture Flins,Flins-sur-Seine
Association sportive Audincourtoise Badminton,Audincourt
Association Sportive Avant Garde Badminton,Champigné
Association Sportive Avrillaise - Badminton,Avrillé
Association Sportive Avrillé,Avrillé
Association Sportive Bad Boisseuil,Boisseuil
Association Sportive Badminton Bouzy,Bouzy
Association Sportive Badminton Divion,Divion
Association Sportive Badminton Golbey,Golbey
Association Sportive Badminton Longuyon,Longuyon
Association Sportive Badminton Top Team-Le Havre,Le Havre
Association Sportive Cordemaisienne-Badminton,Cordemais
Association Sportive de Badminton de Villabé,Villabé
Association Sportive de Courtisols,Courtisols
Association Sportive de Flavigny,Flavigny-sur-Moselle
Association Sportive de Guerigny Urzy-Badminton,Guérigny
Association Sportive de Magenta,Noumea
Association Sportive de Marcy et Charbonnières,Charbonnières-les-Bains
Association Sportive de Plaine,Plaine
Association Sportive de Saint Branchs,Saint-Branchs
Association Sportive de Villefontaine Badminton,Villefontaine
Association Sportive des Alain Savary,Saint-Mathieu-de-Tréviers
Association Sportive D'hery,Héry
Association Sportive du Badminton Brantômais,Brantôme
Association Sportive du Volant Roquefortois,Roquefort-les-Pins
ASSOCIATION SPORTIVE DU VOLANT SOUDIACAIS,Saint-Yzan-de-Soudiac
Association Sportive Epronnaise,Épron
Association Sportive et Culturelle de Ladon,Ladon
Association Sportive et Culturelle de Montmain,Montmain
Association Sportive Etaploise de Badminton,Étaples
Association Sportive Lilly,Fegersheim
association sportive lunairienne,Saint-Lunaire
Association Sportive Mantaise,Mantes-la-Jolie
Association Sportive Meudonnaise,Meudon
Association Sportive Nandeenne,Nandy
Association Sportive Nanteuil Badminton,Nanteuil-lès-Meaux
Association Sportive Narrossaise - Badminton,Narrosse
Association Sportive Puiseaux Badminton,Puiseaux
Association Sportive Romillé,Romillé
Association Sportive Roquentine de Badminton,Laroque-Timbaut
Association Sportive Septeme et Oytier St Oblas,Septème
Association Sportive Thurialaise,Saint-Thurial
Association Sportive Tierce,Tiercé
Association Sportive Too Bad,Paris
Association Sportive Ugine Badminton,Ugine
Association Sportive Villeneuve Badminton,Villeneuve-lès-Maguelone
Association Sports et Détente de Beaurains,Beaurains
Association Sports et Loisirs Intercommunale RUOMS,Ruoms
Association Squash et Badminton de Chartres,Chartres
Association Varenne et Scie Badminton,Longueville-sur-Scie
Association Volant Libre Salisien,Salies-de-Béarn
Assoss' Badminton Club,Coulonges-sur-l'Autize
Ast Badminton,Châteauneuf-en-Thymerais
Athlé 46 Badminton Souillac,Souillac
Athlétic Club Boulogne Billancourt,Boulogne-Billancourt
Athletic Club De Bobigny,Bobigny
Atousports Badminton Romainvillois,Romainville
Atout Volant Lannion,Lannion
ATSCAF-Ecole Nat. Des Finances Publiques,Clermont-Ferrand
Attane Badminton Club,Saint-Yrieix-la-Perche
Au Grez du Bad,Grez-Neuville
Auber'Bad,Aubervilliers
Aubergenville Badminton Club,Aubergenville
Audruicq Badminton Club,Audruicq
Aulnat Badminton Club Détente,Aulnat
Aurillac Badminton Club,Aurillac
Auriol Badminton Club,Auriol
Auterive Badminton Club,Auterive
Avant Garde Cossé le Vivien,Cossé-le-Vivien
Avant Garde Sportive des Essarts le Roi,Les Essarts-le-Roi
Avant Garde Tresboeuf,Tresboeuf
AVANTi Badminton 13,Paris
Avenir Amboise Badminton,Amboise
Avenir Fonsorbais Badminton,Fonsorbes
Avenir Sportif Vezin Le Coquet,Vezin-le-Coquet
Avia Club,Floirac
Avignon Badminton Club,Avignon
B. C. Bourg-en-Bresse/Ceyzériat,Bourg-en-Bresse
B. C. De Barr Et Du Bernstein,Barr
B. C. Riviere Salee,Rivière-Salée
B. C. Wittenheim,Wittenheim
B.C. CHAMBLY OISE,Chambly
B.c. Moulins Avermes Yzeure,Moulins
B.c. Musau Strasbourg,Strasbourg
B.C.F. Guebwiller,Guebwiller
B.club Guichen-Bourg des Comptes,Guichen Bourg-des-Comptes
Babminton Club De Blangy,Blangy-sur-Bresle
Bacchus Badminton Club,Issoudun
Bacobad Club,La Baconnière
Bad  Brenne,Mézières-en-Brenne
Bad &amp,Ille et vilaine
Bad à Brech,Brech
Bad' A Chaz'","Chazay-d'Azergues
Bad A Flo,Florensac
Bad a Labege,Labège
Bad à Morières,Morières-lès-Avignon
Bad à Sav'","Savigny-sur-Braye
Bad' Alliance Tonnay Charente,Tonnay-Charente
BAD ARNAGE MULSANNE,Mulsanne
Bad Au Monas,Le Monastère
Bad Brou,Brou
Bad Club Chateau Thierry,Château-Thierry
Bad Club De Rodilhan,Rodilhan
Bad Club du Pays de Fougeres,Fougères
Bad Club Grenadin,Grenade
Bad Club Montreuil-Juigné,Montreuil-Juigné
Bad Club Moufia,Ste Clotilde
Bad Club St Benoit,Saint-Benoît
Bad Coët,Trédion
BAD Ganges,Ganges
Bad Graçayais,Graçay
Bad In Bouc,Port-de-Bouc
Bad' in Town Bezak,Besançon
Bad Is Good,Vert-Saint-Denis
Bad La Bohalle - La Dagueniere,La Bohalle
Bad Ligneronnais,Saint-Christophe-du-Ligneron
Bad On Challes,Challes-les-Eaux
Bad Santeny Club,Santeny
Bad Tournon 36,Tournon-Saint-Martin
Bad. Argenteuil Detente 95,Argenteuil
Bad. Association Cornebarrieu,Cornebarrieu
Bad. C. Sainte Maure De Touraine,Sainte-Maure-de-Touraine
Bad. Club Des Pays De Morlaix,Morlaix
Bad. Club Epinay Sous Senart,Épinay-sous-Sénart
Bad. Club Hersin Coupigny,Hersin-Coupigny
Bad. Performances et Loisirs Etoupières Dauphine,Le Havre
Bad. Sport et Loisir Chiroquois,Chilly-Mazarin
Bad. Wambrechies Marquette,Wambrechies
Bad.club Bessancourtois,Bessancourt
Bad.club Dardillois,Dardilly
Bad.club De Saint Andre,Saint-André
Bad.club Possessionnais,La Possession
Bad.club Razacois,Razac-sur-l'Isle
Bad.club Saone Vallee,Trévoux
Bad.club St Medardais,Saint-Médard-en-Jalles
Bad'Aboum,Melle
BADAGOUESNOU,Gouesnou
Bad'Argent,Argent-sur-Sauldre
BAD'Astaffort,Astaffort
Bad'Athis,Athis-Mons
Badaubance,Vauchrétien
Bad'Bazoches les Gallerandes-Izy,Bazoches les Gallerandes-Izy
Bad'Bernin,Bernin
Badbonneval,Bonneval
Bad'Club Allennes les Marais,Allennes-les-Marais
Bad'Club de Rostrenen,Rostrenen
Bad'Hyères,Hyères
Bad'in Chartres De Bretagne,Chartres-de-Bretagne
BADISET,Paris
Badiste de la Boëme,Mouthiers-sur-Boëme
Badistell,Plougastel-Daoulas
Badminclub Pirisien,Perriers-sur-Andelle
Badmin'dombes Chatillon,Châtillon-sur-Chalaronne
Badmin'Ploz Club,Plozévet
Badmin'Thônes,Thônes
Badmint'ifs,Ifs
Badminton à Barjouville,Barjouville
Badminton à Damparis 39,Damparis
Badminton A Solaize,Solaize
Badminton Achérois Cloca,Achères
Badminton Aiglon,L'Aigle
Badminton Aix Les Bains,Aix-les-Bains
Badminton Albertville Ca Cartonn,Albertville
Badminton Amicale Laique Pontorson,Pontorson
Badminton Angers Club,Angers
Badminton Argelès-Gazost,Argelès-Gazost
Badminton Arpajon Club,Arpajon-sur-Cère
Badminton Ass Dynamique Tinqueux,Tinqueux
Badminton Ass. Loisirs Cisse,Cissé
Badminton Associatif Choletais,Cholet
Badminton Associatif de Six Fours,Six-Fours-les-Plages
Badminton Associatif Uzerchois,Uzerche
Badminton Association Frangy,Frangy
Badminton Athletic Club,Saint-Priest
Badminton Athletic Tarbais,Tarbes
Badminton Athletique Club Dionysien,Saint-Denis-de-Pile
Badminton Aubevoye,Aubevoye
Badminton Audenge Club,Audenge
Badminton Auzances Club,Auzances
Badminton Balaze,Balazé
Badminton Beaunois,Beaune
Badminton Beaupréau,Beaupréau
Badminton Biars Bretenoux,Biars-sur-Cère
Badminton Boussois,Boussois
Badminton Bressuirais,Bressuire
Badminton Briviste,Brive-la-Gaillarde
Badminton C. Marquise Pompadour,Arnac-Pompadour
Badminton C. Vallons De La Tour,La Tour-du-Pin
Badminton Cambrai,Cambrai
Badminton Causse Corrézien,Larche
Badminton Cayolais,Cayeux-sur-Mer
Badminton Ceaucéen,Ceaucé
Badminton Chalonnais,Chalonnes-sur-Loire
Badminton Chauny,Chauny
Badminton Club  De Mormant,Mormant
Badminton Club  La Grande Motte,La Grande-Motte
Badminton Club  Region Drouaise,Dreux
Badminton Club Ambilly,Ambilly
Badminton Club Appameen,Pamiers
Badminton Club Aramonais,Aramon
Badminton Club Arras,Arras
Badminton Club Aturin,Aire-sur-l'Adour
Badminton Club Aubagnais,Aubagne
Badminton Club Aubusson,Aubusson
Badminton Club Auray,Auray
Badminton Club Avord,Avord
Badminton Club Bacchus Generacois,Générac
Badminton Club Bain De Bretagne,Bain-de-Bretagne
Badminton Club Baralbin,Bar-sur-Aube
Badminton Club Baraqueville Ségala,Baraqueville
Badminton Club Barbey,Bordeaux
Badminton Club Bazoches Sur Hoëne,Bazoches-sur-Hoëne
Badminton Club Belfortain,Belfort
Badminton Club Belley,Belley
Badminton Club Bessanais,Bessan
Badminton Club Billy-Berclau,Billy-Berclau
Badminton Club Blanzy,Blanzy
Badminton Club Boroillot,Valentigney
Badminton Club Bourg De Peage,Bourg-de-Péage
Badminton Club Bretoncellois,Bretoncelles
Badminton Club Brignolais,Brignoles
Badminton Club Buxeen,Boissy-sous-Saint-Yon
Badminton Club Carnoux,Carnoux-en-Provence
Badminton Club Carpentrassien,Carpentras
Badminton Club Castelnaudary,Castelnaudary
Badminton Club Chamalieres,Chamalières
Badminton Club Chambery,Chambéry
Badminton Club Charly,Charly
Badminton Club Chateauneuf sur Isère,Châteauneuf-sur-Isère
Badminton Club Chatelaud,Châteauponsac
Badminton Club Chatillonnais,Châtillon-sur-Seine
Badminton Club Chatillonnais,Châtillon-sur-Thouet
Badminton Club Clissonnais,Clisson
Badminton Club Compiégnois,Compiègne
Badminton Club Concorde Coueron,Couëron
Badminton Club Condéen,Condé-sur-l'Escaut
Badminton Club Coullons,Coullons
Badminton Club Cours-la-ville,Cours-la-Ville
Badminton Club Coutras,Coutras
Badminton Club Croissy Beaubourg,Croissy-Beaubourg
Badminton Club Cuisery,Cuisery
Badminton Club Damgan Muzillac,Muzillac
Badminton Club D'antibes,Antibes
Badminton Club d'Argoat,Grâces
Badminton Club de Baisieux,Baisieux
Badminton Club de Bazeilles,Bazeilles
Badminton Club De Bergerac,Bergerac
Badminton Club De Bourges,Bourges
Badminton Club de Brains,Brains
Badminton Club De Cannes,Cannes
Badminton Club De Carcans,Carcans
Badminton Club de Castanet,Castanet-Tolosan
Badminton Club de Chatillon sur Loire Loiret,Châtillon-sur-Loire
Badminton Club De Combourg,Combourg
Badminton Club De Courbevoie,Courbevoie
Badminton Club De Cruseilles,Cruseilles
Badminton Club de Deûlémont,Deûlémont
Badminton Club De Doullens,Doullens
Badminton Club de Faverges,Faverges
Badminton Club de Fontenilles,Fontenilles
Badminton Club De Fuveau,Fuveau
Badminton Club de Gasny,Gasny
Badminton Club de Gien,Gien
Badminton Club de Goussainville,Goussainville
Badminton Club De Kone,Kone
Badminton Club de la Bâtie Neuve,La Bâtie-Neuve
Badminton Club de la Bete Du Gevaudan,Marvejols
Badminton Club de la Gardonnenque,Saint-Geniès-de-Malgoirès
Badminton Club De La Mandallaz,Sillingy
Badminton Club De La Thur,Kruth
Badminton Club De Lacanau,Lacanau
Badminton Club De Langres,Langres
Badminton Club de l'Antonnière,La Milesse
Badminton Club De Lestrem,Lestrem
Badminton Club de l'Hermitage et du Tournonais,Tain-Tournon-St jean de Muzols
Badminton Club de Lille Vauban,Lille
Badminton Club De Lure,Lure
Badminton Club de Lussac,Lussac
Badminton Club de Lutterbach,Lutterbach
Badminton Club De Luzinay,Luzinay
Badminton Club De Lyon,Lyon
Badminton Club de Mallemort,Mallemort
Badminton Club de Marchenoir,Marchenoir
Badminton Club De Meze,Mèze
Badminton Club de Mortagne,Mortagne-du-Nord
Badminton Club de Neufchateau,Neufchâteau
Badminton Club de Neuilly/Seine,Neuilly-sur-Seine
Badminton Club De Noisiel,Noisiel
Badminton Club de Nuaillé,Nuaillé
Badminton Club De Ouistreham,Ouistreham
Badminton Club De Paita,Paita
Badminton Club de Pannes,Pannes
Badminton Club de Pauillac,Pauillac
Badminton Club De Perigueux,Périgueux
Badminton Club de Perros Guirec,Perros-Guirec
Badminton Club de Poitiers,Poitiers
Badminton Club de Pont de Salars,Pont-de-Salars
Badminton Club De Pontoise,Pontoise
Badminton Club De Rambervillers,Rambervillers
Badminton Club De Renaze,Renazé
Badminton Club de Roissy-en-Brie,Roissy-en-Brie
Badminton Club de Roquebrune/Argens,Roquebrune-sur-Argens
Badminton Club de Rouvroy,Rouvroy
Badminton Club De Saint Erme,Saint-erme
Badminton Club De Saint Léger,Saint-Léger-du-Bourg-Denis
Badminton Club de Sarrebourg,Sarrebourg
Badminton Club de Schiltigheim,Schiltigheim
Badminton Club De Seichamps Saulxures,Seichamps
Badminton Club de St Antonin Noble Val,Saint-Antonin-Noble-Val
Badminton Club De St Martin,Saint-Martin-de-Crau
Badminton Club de St Maur,Saint-Maur
Badminton Club de Stutzheim-Offenheim,Stutzheim-Offenheim
Badminton Club De Templemars,Templemars
Badminton Club De Thal,THAL
Badminton Club de Theix,Theix
Badminton Club de Tignieu,Tignieu-Jameyzieu
Badminton Club De Tournes,Tournes
Badminton Club De Trebes,Trèbes
Badminton Club De Treguier,Tréguier
Badminton Club de Trun,Trun
Badminton Club De Vaire,Vairé
Badminton Club De Valence,Valence
Badminton Club de Vendegies sur Ecaillon,Vendegies-sur-Écaillon
Badminton Club de Villé,Villé
Badminton Club de Villejust,Villejust
Badminton Club De Villepreux,Villepreux
Badminton Club de Villers Pol,Villers-Pol
Badminton Club Decize,Decize
Badminton Club d'Ensuès la Redonne,Ensuès-la-Redonne
Badminton Club des Aiglons d'Eyguieres,Eyguières
Badminton Club Des Baous,Saint-Jeannet
Badminton Club des Hautes Falaises,Fécamp
Badminton Club des Paillons,L'Escarène
Badminton Club D'Evry Gregy,EVRY GREGY SUR YERRES
Badminton Club D'eymoutiers,Eymoutiers
Badminton Club d'Hénin Beaumont,Hénin-Beaumont
Badminton Club Dijonnais,Dijon
Badminton Club Divais,Dives-sur-Mer
Badminton Club Donatien,Saint-Donat-sur-l'Herbasse
Badminton Club Douchy Les Mines,Douchy-les-Mines
Badminton Club Doudevillais,Doudeville
Badminton Club d'Ozoir,Ozoir-la-Ferrière
Badminton Club Droué,Droué
Badminton Club du Bouchardais,L'Île-Bouchard
Badminton Club du Canton de Beauvoir,Beauvoir-sur-Niort
badminton club du grau du roi,Le Grau-du-Roi
Badminton Club du Haut Vendomois,Morée
Badminton Club Du Loing,Montcourt-Fromonville
Badminton Club du Neuhof Strasbourg,Strasbourg
Badminton Club du Pays de Ste Hermine,Sainte-Hermine
Badminton Club du Pays Dunois,Dun-le-Palestel
Badminton Club Du Roumois,Routot
Badminton Club Du Sarladais,Sarlat-la-Canéda
Badminton Club Du Val De Gray,Gray
Badminton Club du Val d'Essonne,Champcueil
Badminton Club du Vihiersois,Vihiers
Badminton Club Eckbolsheim,Eckbolsheim
Badminton Club Emblavez,Lavoûte-sur-Loire
Badminton Club Embrunais,Embrun
Badminton Club Entreprises 33,Libourne
Badminton Club Eragny,Éragny
Badminton Club Erdre,La Chapelle-sur-Erdre
Badminton Club Estagel Fenouillèdes,Estagel
Badminton Club Etupes,Étupes
Badminton Club Fegersheim,Fegersheim
Badminton Club Firminy,Firminy
Badminton Club Fos,Fos-sur-Mer
Badminton Club Foyalais,Fort-de-France
Badminton Club Francvillois,Villefranche-sur-Cher
Badminton Club Gapencais,Gap
Badminton Club Gardéen,La Garde
Badminton Club Garéoultais,Garéoult
Badminton Club Gemmois,Sainte-Gemmes-sur-Loire
BADMINTON CLUB GORRONNAIS,Gorron
Badminton Club Gourinois,Gourin
Badminton Club Govennais,Goven
Badminton Club Grasse,Grasse
Badminton Club Grenadois,Grenade-sur-l'Adour
Badminton Club Grenoble,Grenoble
Badminton Club Guerchais,La Guerche-de-Bretagne
Badminton Club Gueretois,Guéret
Badminton Club Guignes,Guignes
Badminton Club Guillestrois,Guillestre
Badminton Club Hangenbieten,Hangenbieten
Badminton Club Haute Charente,ROUMAZIERES
Badminton Club Henrichemont,Henrichemont
Badminton Club Isle,Isle
Badminton Club Isle D'abeau,L'Isle-d'Abeau
Badminton Club Jarnais,La Jarne
Badminton Club Jonzacais,Jonzac
Badminton Club Kemperle,Quimperlé
Badminton Club La Richardais,La Richardais
Badminton Club La Roche/Yon,La Roche-sur-Yon
Badminton Club Langonais,Langogne
Badminton Club Lavallois,Laval
Badminton Club Le Chatelet,Le Châtelet
Badminton Club Le Chesnay,Le Chesnay
Badminton Club Lensois,Lens
Badminton Club Leo Lagrange,Carmaux
Badminton Club Les Bordes,Les Bordes
Badminton Club Les Mureaux,Les Mureaux
Badminton Club Lezatois,Lézat-sur-Lèze
Badminton Club Lislois,L'Isle-Jourdain
Badminton Club Loudunais,Loudun
Badminton Club Lucois,Le Luc En Provence
Badminton Club Lunellois,Lunel
Badminton Club Manosquin,Manosque
Badminton Club Marmandais,Marmande
Badminton Club Martignas/jalle,Martignas-sur-Jalle
Badminton Club Mauriac,Mauriac
Badminton Club Mendois,Mende
Badminton Club Mendulphin,Saint-Molf
Badminton Club Menucourt,Menucourt
Badminton Club Meruvien,Méru
Badminton Club Meucon,Meucon
Badminton Club Meylan,Meylan
Badminton Club Meyrargues,Meyrargues
Badminton Club Montacutain,Montaigu
Badminton Club Montcy Nd,Montcy-Notre-Dame
Badminton Club Montigny Le Bretonneux,Montigny-le-Bretonneux
Badminton Club Montponnais,Montpon-Ménestérol
Badminton Club Mulhouse,Mulhouse
Badminton Club Narbonnais,Narbonne
Badminton Club Nérisien Michel Thonier,Néris-les-Bains
Badminton Club Nogentais,Nogent-le-Rotrou
Badminton Club Nontronnais,Nontron
Badminton Club Noyalais,Noyal-Pontivy
Badminton Club Objatois,Objat
Badminton Club Oignies,Oignies
Badminton Club Orangeois,Orange
Badminton Club Ostwald,Ostwald
Badminton Club Oullins,Oullins
Badminton Club Paimpolais,Paimpol
Badminton Club Palmiplainois,La Plaine-des-Palmistes
Badminton Club Pavillonnais 93,Les Pavillons-sous-Bois
Badminton Club Pays de Maîche,Maîche
Badminton Club Pelissanais,Pélissanne
Badminton Club Pérols,Pérols
Badminton Club Pleneuf Val Andre,Pléneuf-Val-André
Badminton Club Pleyber Christ,PLEYBER CRHIST
Badminton Club Plombieres L.b,Plombières-les-Bains
Badminton Club Poindimie,Poindimie
Badminton Club Pontilabien,Pont-l'Abbé-d'Arnoult
Badminton Club Portois,Saint-Nicolas-de-Port
Badminton Club Quercy Caussadais,Caussade
Badminton Club Quesnoy/deule,Quesnoy-sur-Deûle
Badminton Club Quevertois,Quévert
Badminton Club Remoulins,Remoulins
Badminton Club Rive De Gier,Rive-de-Gier
Badminton Club Roubaix,Roubaix
Badminton Club Saint Avold,Saint-Avold
Badminton Club Saint Julien des Landes,Saint-Julien-des-Landes
Badminton Club Saint Marcellois,Saint-Marcel-lès-Valence
Badminton Club Saint Paul,Saint-Paul
Badminton Club Saint-Baudelle Contest,Saint-Baudelle
Badminton Club Saint-Dié-Des-Vosges - Léo Lagrange,Saint-Dié-des-Vosges
Badminton Club Sausset,Sausset-les-Pins
Badminton Club Savignéen,Savigné-sur-Lathan
Badminton Club Schwindratzheim,Schwindratzheim
Badminton Club Sedanais,Sedan
Badminton Club Senlisien,Senlis
Badminton Club Silléen,Sillé-le-Guillaume
Badminton Club Sisteronais,Sisteron
Badminton Club Sottevillais,Sotteville-lès-Rouen
Badminton Club St Alban De Roche,Saint-Alban-de-Roche
Badminton Club St Andre Les Vergers,Saint-André-les-Vergers
Badminton Club St Avertin Sport,Saint-Avertin
Badminton Club St Georges,Saint-Georges-de-Commiers
Badminton Club St Germain Du Puy,Saint-Germain-du-Puy
Badminton Club St Herblain,Saint-Herblain
Badminton Club St pierre du mont,Saint-Pierre-du-Mont
Badminton Club Ste Feyre,Sainte-Feyre
Badminton Club Stéphanois,Saint-Étienne
Badminton Club St-pierre,Saint-Pierre
Badminton Club Suresnois,Suresnes
Badminton Club Tarentaise,Bourg-Saint-Maurice
Badminton Club Terrasson,TERRASSON
Badminton Club Thouarsais,Thouars
Badminton Club Tretsois,Trets
Badminton Club Vaisonnais,Vaison-la-Romaine
Badminton Club Valreassien,Valréas
Badminton Club Vannetais,Vannes
Badminton Club Veynois,Veynes
Badminton Club Vichy Cusset,Cusset
Badminton Club Vicinnois,Voisins-le-Bretonneux
Badminton Club Villeneuvien,Villeneuve-sur-Yonne
Badminton Club Villeurbannais,Villeurbanne
Badminton Club Vitalien,Saint-Viaud
Badminton Club Voreppe,Voreppe
Badminton Coëxien,Coëx
Badminton Cominois,Comines
Badminton Côte Basque,Anglet
Badminton Cote De Nacre,Saint-Aubin-sur-Mer
Badminton Cotterezien,Villers-Cotterêts
Badminton Couzeixois,Couzeix
Badminton Creuzier Le Vieux,Creuzier-le-Vieux
Badminton Cunlhatois,Cunlhat
Badminton de Casson,Casson
Badminton de la Côte des Légendes,Ploudalmézeau
Badminton De La Plaine,Contrexéville
Badminton De Saint Girons,Saint-Girons
Badminton de Velaine en Haye,Velaine-en-Haye
Badminton Des Balcons De Meuse,Lumes
Badminton Des Couleurs,Brangues
Badminton des Electriciens et Gaziers 63,Gerzat
Badminton Détente Levroux,Levroux
Badminton Dolois,Dole
Badminton Domfrontais,Domfront
Badminton D'orcines,Orcines
Badminton du Bourgeais,Bourg Sur Gironde
Badminton du Bout du Monde de Plouarzel,Plouarzel
Badminton du Canton de Nouvion,NOUVION EN PONTHIEU
Badminton du Lac de Villeneuve de la Raho,Villeneuve-de-la-Raho
Badminton du Pays Fort,Vailly-sur-Sauldre
Badminton du Pays Voironnais,Voiron
Badminton du Rabastinois,Rabastens
BADMINTON du RIED,Kogenheim-Benfeld
Badminton Ecubéen,Écouché
Badminton Ennezat Communauté,Ennezat
Badminton Entente La Seyne - Toulon,Toulon
Badminton Epinac Club,Épinac
Badminton Est-Lyonnais,Vaulx-en-Velin
Badminton et Loisirs Villettois,Villette-d'Anthon
Badminton Etoile Portesienne,Portet-sur-Garonne
Badminton Evasion Bron,Bron
Badminton Gard Rhodanien,Bagnols-sur-Cèze
Badminton Germinois,Saint-Germain
BADMINTON GONDREVILLE,Gondreville
Badminton Guidelois,Guidel
Badminton House Herbretais,Les Herbiers
Badminton Ic,Pordic
Badminton Illkirch-graffenstaden,Illkirch-Graffenstaden
Badminton Javené - Billé,Javené
Badminton Jocondien,Joué-lès-Tours
Badminton Jusséen,Jussey
Badminton Kaltenhouse Oberhoffen/Moder,Oberhoffen-sur-Moder
Badminton Langeadois,Langeac
Badminton Lapalissois,Lapalisse
Badminton Le Garric,Le Garric
Badminton Le Lude,Le Lude
Badminton Lezoux,Lezoux
Badminton Locoal Mendon,Locoal-Mendon
Badminton Loisir de l'Ass. Sportive de Thales,Cholet
Badminton Maconnais,Mâcon
BADMINTON MAGESCQUOIS,Magescq
Badminton Maisons-laffitte,Maisons-Laffitte
Badminton Marcellinois,Saint-Marcellin-en-Forez
Badminton Margnotin,Margny-lès-Compiègne
Badminton Marly Metz,Marly
Badminton Martellois,Saint-Just-le-Martel
Badminton Mauleon-Nueil-Aubiers,Mauléon et Nueil les Aubiers
Badminton MJC La Châtre,La Châtre
Badminton Montgermontais,Montgermont
Badminton Muret,Muret
Badminton Nancy Villers,Nancy - Villers les Nancy
BADMINTON OF SOMMIERES,Sommières
Badminton Olympique C Concarnois,Concarneau
Badminton Olympique De Pernes,Pernes-les-Fontaines
Badminton Olympique Uni. Mars,Marseille
Badminton Orgeres En Beauce,Orgères-en-Beauce
Badminton Paris 18eme,Paris
Badminton Passion Mainvilliers,Mainvilliers
Badminton Pays De Ploermel,Ploërmel
Badminton Plerinais,Plerin Sur Mer
Badminton Plessis Grammoire,Le Plessis-Grammoire
Badminton Quiberon,Quiberon
Badminton Rochefort Club,Rochefort
Badminton Rochelais,La Rochelle
Badminton Rullicois,Rouillé
Badminton Saint Esteve,Saint-Estève
Badminton Saint Gaudens,Saint-Gaudens
Badminton Saint Sébastien,Saint-Sébastien-sur-Loire
Badminton Saintais,Saintes
Badminton Saint-cere,Saint-Céré
Badminton Salinois,Salins-les-Bains
Badminton Salonais,Salon-de-Provence
Badminton Saverne,Saverne
BADminton Soulaines sur Aubance,Soulaines-sur-Aubance
Badminton Sport Wervicquois,Wervicq-Sud
Badminton St Laurent,Saint-Laurent-Médoc
Badminton St Witz,Saint-Witz
Badminton Suceen,Sucé-sur-Erdre
Badminton Theillois,Le Theil
Badminton Thiaucourtois,Thiaucourt-Regniéville
Badminton U.s. Forges Les Eaux,Forges-les-Eaux
Badminton Union Sportive Ormesson,Ormesson-sur-Marne
Badminton Val de Beuvron,Cellettes
Badminton Val De Morteau,Morteau
Badminton Val De Reuil Louviers,Val-de-Reuil
Badminton Valdahon Vercel,Valdahon
Badminton Vallée de la Sauer,Woerth
Badminton Venissieux Sud-est,Vénissieux
Badminton Vesoul,Vesoul
Badminton Villeneuve D'ascq,Villeneuve-d'Ascq
Badminton-Club de Sainte-Anastasie-sur-Issole,Sainte-Anastasie-sur-Issole
Badmin'Tonic Club,Saint-Gilles-Croix-de-Vie
Badmin'tonus,Geispolsheim
Badmonts/Guesnes,Monts-sur-Guesnes
Bad'Nantes,Nantes
BAD'OLERON,Le Château-d'Oléron
BAD'ORIANT,Lorient/ Hennebont/ Locmiquélic
Bages Badminton Club,Bages
Bagnoles Badminton Club,Bagnoles De L Orne
Baldo Bad,Saint-Galmier
Banon J'T'Aim Agathe Badminton,Banon
Bar Le Duc Badminton Club,Bar-le-Duc
Barentin Badminton Club,Barentin
Basse-ham Badminton Club,Basse-Ham
Bathie Smatch Badminton,La Bâthie
Baulon Badminton Club,Baulon
Baume-les-dames Bad. Doubs Centr,Baume-les-Dames
Bayard Argentanaise Badminton,Argentan
Bayard Bad,Pontcharra
Bayonne Badminton Club,Bayonne
BBG13 - AGEVP Badminton,Paris
Bc Bruay Sur Escaut,Bruay-sur-l'Escaut
Bc Des Sorcieres De Bouxwiller,Bouxwiller
Bc Dignois,Digne-les-Bains
Bc Lezennes,Lezennes
Bc Tournefeuille,Tournefeuille
Beaurepaire Badminton,Beaurepaire
Beauvais Oise Badminton,Beauvais
Bellegarde Badminton Club,Bellegarde-sur-Valserine
Belleville Badminton Club,Belleville-sur-Loire
Best Club Badminton Grimaudois,Grimaud
Bethisy Badminton Club,Béthisy-Saint-Pierre
Bethune B.c.","Béthune
Beziers Badminton ABSR,Béziers
Beziers Badminton Club,Béziers
Biard Badminton Club,Biard
Blagnac Badminton Club,Blagnac
Blain Badminton Club,Blain
Blanzat Badminton Club,Blanzat
BLERE BADMINTON,Bléré
Blois Badminton Club,Blois
BNPARIBAD,Paris
Boevillais Badminton Club,Biéville-Beuville
Bolbec Badminton Club 76,Bolbec
Bondoufle Amical Club,Bondoufle
Bondy Badminton Club 93,Bondy
Bosco Bad - Association Sportive de Badminton,Saint-Martin-du-Bois
Botoret Badminton Club,Chauffailles
Boucain Badminton Club,Bouc-Bel-Air
Bouchemaine Volant,Bouchemaine
Bouffemont Badminton,Bouffémont
Breizh Badminton Club,Moréac
Bretteville L'orgueilleuse Bad.","Saint-Manvieu-Norrey
Brezolles Bad' Club,Brezolles
Briancon Badminton Club,Briançon
Brinay Nature et Loisirs,Brinay
Bruyeres Badminton,Bruyères
Bsr Lambersart,Lambersart
Bussy Saint Georges Badminton,Bussy-Saint-Georges
Buxy Badminton,Buxy
C B Montreuil,Montreuil
C O Verquigneul Badminton,Verquigneul
C Sportif et Artistique du Fort du Kremlin Bicêtre,Le Kremlin-Bicêtre
C. De Badminton Neuvic Mussidan,Neuvic
C. O. Des Cheminots De L'est,Chelles
C. Olympique Multisport Bagneux,Bagneux
C. S. Reichstett 71 badminton,Reichstett
C. Sportif Badminton Wittelsheim,Wittelsheim
C.a.s. Electricite Gaz De France,Limoges
C.AutonomeBadminton MAROMME-DEVILLE-MONT ST AIGNAN,Maromme
C.bad Brives Charensac-hte Loire,Brives-Charensac
C.o. Gargenville Badminton,Gargenville
C.O.S.Marcilly,Marcilly-en-Villette
Cabestany Olympique Culturel Badminton,Cabestany
Calais Badminton Club,Calais
Cartusienne,Saint-Laurent-du-Pont
Casteljaloux Badminton Club,Casteljaloux
Castelnau Badminton,Castelnau
Castillon Badminton Club,Castillon-la-Bataille
Cb Marles Les Mines,Marles-les-Mines
CDJ Villereau Association la Rhônelle,Villereau
Centre Loisirs et Animation Patay,Patay
Centre Omnisports Chennevieres B,Chennevières-sur-Marne
Cercle Aloysia Obernai Badminton,Obernai
Cercle Culturel, Sportif et Social de Lingolsheim,Lingolsheim
Cercle De Badminton Strasbourg,Strasbourg
Cercle d'Education Sportive de Tours,Tours
Cercle Jules Ferry,Saint-Malo
Cercle Laïque des Tourelles Orléans Badminton,Orléans
Cercle Olympique Pleine-fougeres,Pleine-Fougères
Cercle Paul Bert Badminton,Rennes
Cercle Sportif Badminton Bry,Bry-sur-Marne
Cercle St Jean - Badminton,Augny
Cerdagne Badminton Estavar,Estavar
Chabossiere Olympique Club,Couëron
Chabris Badminton Club,Chabris
Chalon-sur-Saône Badminton Club,Chalon-sur-Saône
Champa' Bad,Champagnole
Champa'Bad,Champagne-au-Mont-d'Or
Champibad,Champigneulles
Championnet Sports,Paris
Champs sur Marne Badminton,Champs-sur-Marne
Chantecler,Bordeaux
Charvieu Chavagneux,Charvieu-Chavagneux
Chassieu Badminton Club,Chassieu
Chateau Gontier Badminton Club,Château-Gontier
Chateau Landon Bc,Château-Landon
Chatel Badminton,Châtelguyon
Chatel Badminton Club,Châtelaillon-Plage
Châtel Multi-Sports,Châtel-Saint-Germain
Chatou Badminton Club,Chatou
Chaumont Badminton Club,Chaumont
Chemin des Cimes,Montpellier
Cheyl'as Du Volant,Le Cheylas
Clac Allaire Badminton Club,Allaire
Clermont Universite Club,Clermont-Ferrand
Club  de Badminton de Saint Mars d'Outille,Saint-Mars-d'Outillé
Club  de Badminton Landivisien,Landivisiau
Club Alenconnais Badminton,Alençon
Club Amical Morcenais Badminton,Morcenx
Club Athlétique Badminton Ribérac,Ribérac
Club Athlétique de L'hay les roses Badminton,L'Hay-les-Roses
Club Athlétique d'Orsay - Badminton,Orsay
Club Athletique Lexovien,Lisieux
Club Athlétique Voutréen,Voutré
Club Aulnésien de Badminton,Aulnoye-Aymeries
Club Auscitain De Badminton,Auch
Club Bad Saint Pierre La Cour,Saint-Pierre-la-Cour
Club Bad. Aulnay Sous Bois,Aulnay-sous-Bois
Club Badminton Ampuis,Ampuis
Club Badminton Anse,Anse
Club Badminton Briance Combade,Châteauneuf-la-Forêt
Club Badminton Canet 66,Canet-en-Roussillon
CLUB BADMINTON COGOLINOIS,Cogolin
Club Badminton Coutances,Coutances
Club Badminton de Nice,Nice
Club Badminton Emmerin,Emmerin
Club Badminton Epinal,Épinal
Club Badminton Esvrien,Esvre Sur Indre
Club Badminton Figeacois,Figeac
CLUB BADMINTON FLORANGE,Florange
Club Badminton Liancourt,Liancourt
Club Badminton Lucon,Luçon
Club Badminton Malesherbes,Malesherbes
Club Badminton Maurepas,Maurepas
Club Badminton Montignac,Montignac
Club Badminton Noyon,Noyon
Club Badminton Orchies,Orchies
Club Badminton Plateau Moyaux,Moyaux
Club Badminton Roanne,Roanne
Club Badminton Rodez,Rodez
club badminton scey sur saone,Scey sur Saone
Club Badminton St Jeannais,Saint-Jean-de-Bournay
Club Badminton St Maximin,Saint-Maximin-la-Sainte-Baume
Club Badminton St Michel Tharon,Saint-Michel-Chef-Chef
Club Badminton Thorigné-Fouillard,Thorigné-Fouillard
Club Badminton Vienne,Vienne
Club Caladois De Badminton,Villefranche-sur-Saône
Club Carhaisien Badminton,Carhaix-Plouguer
Club Castelroussin Badminton,Châteauroux
Club De Bad. Du Villeneuvois,Villeneuve-sur-Lot
Club De Badminton Carrierois,Carrières-sous-Poissy
Club De Badminton Castelpontin,Pont-du-Château
Club De Badminton De Bartenheim,Bartenheim
Club de Badminton de Bourbon-Lancy,Bourbon-Lancy
Club de Badminton de Carentan,Carentan
Club De Badminton De Checy,Chécy
Club De Badminton De Croisilles,Croisilles
Club De Badminton De Lisses,Lisses
Club De Badminton De Menton,Menton
Club De Badminton de Perenchies,Pérenchies
Club de Badminton de Semoy,Semoy
Club De Badminton De Verberie,Verberie
Club De Badminton De Verdun,Verdun-sur-Garonne
Club De Badminton D'Etampes,Étampes
Club De Badminton D'olivet,Olivet
Club De Badminton Heillecourt,Heillecourt
Club de Badminton Noyers/Ancy le Franc,NOYERS/SEREIN
Club de Badminton Oberhausbergen,Oberhausbergen
Club de Badminton Pringy,Pringy
Club De Badminton Provinois,Provins
Club de Badminton Seine Essonne,Saint-Germain-lès-Corbeil
Club De Badminton Ste Luce/loire,Sainte-Luce-sur-Loire
Club De Badminton Valenceen,Valençay
Club De Badminton Villeneuvois,Villeneuve-Tolosane
Club de l'Hers,Saint-Orens-de-Gameville
Club De Prevessin Badmin Gessien,Prévessin-Moëns
Club Des Bruyères S. Badminton,Crévin
Club Des Jeunes De Luneray,Luneray
Club des Sports des Portes du Mercantour,VALBERG
Club des Trois Raquettes,Bais
Club Esperance Badm. Nogent,Nogent-sur-Seine
Club Fous Du Volant Vendome,Vendôme
Club Ganathain Badminton,Genay
Club Islois De Badminton,L'Isle-sur-la-Sorgue
Club Jeunes Mont près Chambord Badminton,Mont-près-Chambord
Club Jeunesse Indonesienne,Noumea
Club Les Bois Furieux,Seilhac
Club Loisirs Badminton La Frenaye,La Frénaye
Club Loisirs Tourlaville,Tourlaville
Club Municipal De Floirac,Floirac
Club Omnisport Wattrelosien,Wattrelos
Club Omnisports Aiglon,Le Lamentin
Club Omnisports Chateau Du Loir,Château-du-Loir
Club Omnisports De Courcouronnes,Courcouronnes
Club Omnisports de la Montagne,La Montagne
Club Omnisports de Valbonne,Valbonne
Club Omnisports InterCommunal Lapte-Grazac,Lapte-Grazac
Club Omni-sports Mun. Arcueil,Arcueil
Club Rislois De Badminton,Pont-Audemer
Club Sport. et Artist. de la Marine Cherbourg,CHERBOURG
Club Sport. Mult. Gennevillois,Gennevilliers
Club Sport. Mun. Eaubonne,Eaubonne
Club Sportif Ambertois Badminton,Ambert
Club Sportif Bellac Badminton,Bellac
Club Sportif Braytois- Badminton,Bray-sur-Seine
Club Sportif CTS - section Badminton,Strasbourg
Club Sportif de Badminton Asniérois,Asnières-sur-Seine
Club Sportif de Badminton Cloyes sur le Loir,Cloyes-sur-le-Loir
Club Sportif De Beauvoir Du Marc,Beauvoir-de-Marc
Club Sportif De Cannes Ecluse,Cannes-Écluse
Club Sportif De Clichy Badminton,Clichy
Club Sportif De Courtry Badminton,Courtry
Club Sportif Eguzonnais section Badminton,Éguzon-Chantôme
Club Sportif et Artistique du CNSD,Fontainebleau
Club Sportif Multisports 20eme,Paris
Club Sportif Pertuisien,Pertuis
Club Sportif Royen Badminton,Roye
Club Sports Loisirs Cult. Arles,Arles
Club Sptf Monterelais Badminton,Montereau-Fault-Yonne
Club Universitaire Marseille,Marseille
Club Verrierois de Badminton,Verrières
Club Yenne Badminton,Yenne
Cognac Badminton,Cognac
Colmar B.ra.","Colmar
Come On Arthon Badminton,Arthon
Comité Badminton Club 72,Le Mans
Comité Sportif Bouraillais,Bourail
Compound Club Athl.capdenac,Capdenac-Gare
Condé sur Huisne Badminton,Condé-sur-Huisne
Conquerant Badminton Club Caen,Caen
Copains Acharnes Raq. Loconoise,Locon
Corpo,Mulhouse
Corpo,Balma
Corpo67,Strasbourg
Cosma Badminton Saint Laurent du Maroni,Saint-Laurent-du-Maroni
Cottages Illkirch Graffenstaden,Illkirch-Graffenstaden
Coubron Badminton,Coubron
Coursac Badminton,Coursac
Courseulles Badminton Club,Courseulles-sur-Mer
CPS Xtrem Bad,Paris
Cranves Sales Lucinges Bonne,Cranves-Sales
Creil Badminton Club,Creil
Crocq Badminton Haute Marche,Crocq
Cs Betton Badminton,Betton
Csl Gendarmerie Du Fort De Rosny,Rosny-sous-Bois
Csm Sully/loire Badminton,Sully-sur-Loire
CVN Bad,Grand Ales
Dauphinoise De Coublevie,Coublevie
DIONY'BAD REUNION,Saint-Denis
Doller Badminton Club,Masevaux
Dommartemont Badminton Club,Dommartemont
Don Bosco Badminton Nantes,Nantes
Draguignan Badminton Club,Draguignan
Durance Bad'O,Oraison
E. S. Nogent Le Roi,Nogent-le-Roi
Ecole De Badminton Paris Sport,Paris
Ecouflant Badminton,Écouflant
Ecrouves Badminton Club,Écrouves
Education Physique Populaire Gervaisienne Bad,Le Pré-Saint-Gervais
Elan Badminton Club Champagné,Champagné
Elan De Chevilly-Larue,Chevilly-Larue
Elan Sorinieres Badminton,Les Sorinières
En Avant Colmar Badminton,Colmar
Ent Senonaise S et C Section Bad,Sens-de-Bretagne
Ent Sportive 2 Badminton,Bollwiller-Cernay-Staffelfelden
Ent. Sport. Badminton Courrieres,Courrières
Ent. Sport. Cult. 11eme,Paris
Ent.spor.st Lambert Tennis/bad,St Lambert Des Levees
Entente Badminton Corbas,Corbas
Entente badminton Royan Saint Georges,Royan
Entente De Bad.de Pierrelatte,Pierrelatte
Entente Haut Allier / Allagnon,Brioude
Entente Nord Alsace Badminton,Brumath/Bischw/Hoerdt/Lamperthei
Entente Saint Pierraise de Badminton,Saint-Pierre-lès-Elbeuf
Entente Spo.municipale De G.o,Gonfreville-l'Orcher
Entente Sport. Caudacienne,La Queue-en-Brie
Entente Sport. Montgeron,Montgeron
Entente Sport. Nanterre,Nanterre
Entente Sport. Perray En Y.","Le Perray-en-Yvelines
Entente Sport. Segre Haut Anjou,Segré
Entente Sportive Aumaloise,Aumale
Entente Sportive Blanquefortaise Badminton,Blanquefort
Entente Sportive Bonchampoise,Bonchamp-lès-Laval
Entente Sportive Bruges Badminton,Bruges
Entente Sportive Craon Badminton,Craon
Entente Sportive De Sartrouville,Sartrouville
Entente Sportive De Vitry,Vitry-sur-Seine
Entente Sportive Falaisienne,Falaise
Entente Sportive Gatinaise,Dordives
Entente Sportive Magnanvilloise Badminton,Magnanville
Entente Sportive Maintenon Pierres,Maintenon/Pierres
Entente Sportive Pire Badminton,Piré-sur-Seiche
Entente Sportive Vernoucelloise - Badminton,Vernou-la-Celle-sur-Seine
Entrammes Badminton Club,Entrammes
Envermeu,Envermeu
Epernay Badminton,Épernay
Ermont Badminton Club,Ermont
Ernolsheim Badminton Club,Ernolsheim-Bruche
ESA BADMINTON,Aubigny-sur-Nère
Escpo Badminton,Piney
Esp. Loisirs Sportifs Herouville,Hérouville-Saint-Clair
Espace Collegien Badminton,Collégien
Espace Sportif Sucy Badminton,Sucy-en-Brie
Esperance La Bouexiere,La Bouëxière
Esprit Bad. Neuilly-plaisance,Neuilly-Plaisance
Essor Du Val Clair,Bretteville-sur-Laize
Etoile Montaud,Saint-Étienne
Etoile Sport De Bad A Buxerolles,Buxerolles
Etoile Sportive Colombienne,Colombes
Etoile Sportive de Cheverny et Cour-Cheverny,Cour-Cheverny
Etoile Sportive De Roquevaire,Roquevaire
Etoile Sportive Du Marais Bad,Challans
Etoile Sportive Lavalloise,Laval
Etoile Sportive Livarotaise-section Badminton,Livarot
Etoile Sportive Nouzilly,Nouzilly
Eu Badminton Club,Eu
Eveil De Contres,Contres
Eveil Sportif Genas Azieu,Genas
Evol. Sport. Cult. 15eme,Paris
F D V Marchiennes,Marchiennes
F.l. Lanester-Badminton Club,Lanester
Faches Thumesnil Badminton,Faches-Thumesnil
FAEC Badminton,Clermont-en-Argonne
Faucigny Badminton Club,Saint-Pierre-en-Faucigny
Festibad Strasbourg,Strasbourg
Feurs Badminton Club,Feurs
Fjep Lempdes Badminton,Lempdes
Flers Badminton,Flers
Flume Ille Badminton,Saint-Grégoire
Font Romeu Badminton,Font-Romeu-Odeillo-Via
Fontanil Bad.club,Fontanil-Cornillon
Fontenay Badminton Club,Fontenay-le-Comte
Fous Du Volant Ambarrois,Ambérieu-en-Bugey
Fous Du Volant B C Colpo,Colpo
Fous Du Volant Bayeusains,Bayeux
Fous Du Volant C. B. Estillac,Estillac
Fous Du Volant Thann,Thann
Foyer Art et Loisirs Manslois Badminton,Mansle
Foyer Club des Jeunes de Morschwiller-Badminton,Morschwiller
Foyer Culturel et Sportif Parnans,Parnans
Foyer Culturel Laique De Feytiat,Feytiat
Foyer d'Education et de Loisirs - Badminton,Vouneuil-sur-Vienne
Foyer d'Education Populaire Saint Agnant-Badminton,Saint-Agnant
Foyer Des Jeunes De Joinville,Saint-Denis
Foyer Laique De Saint Marc,Brest
Foyer Rural Jouy Le Moutier,Jouy-le-Moutier
Foyer Rural VC Lavernose-Lacasse,Lavernose-Lacasse
Frjep Meilhan Badminton,Meilhan
Fruges Badminton,Fruges
Gaspar Badminton Club,Villefranche-de-Rouergue
Gazelec Badminton Bourges,Bourges
Gazelec Sports Côtes d'Armor Badminton,Ploufragan
Gerbeviller Badminton Club,Gerbéviller
Gex Badminton,Gex
GLS Rennes,Rennes
Goodminton,Paris
Gradignan Badminton Club,Gradignan
Grande Synthe Badminton,Grande-Synthe
Grandvaux Volant,Saint-Laurent-en-Grandvaux
Grenay Badminton Club,Grenay
Grenoble Universite Club,Grenoble
Gresi'volant,Villard-Bonnot
Grosbreuil Badminton Club,Grosbreuil
Groupe Sportif Lugdunum,Villeurbanne
Gus Bad,Gentilly
Gymnase Français,Rosny-sous-Bois
Hautepierre B.c. Strasbourg,Strasbourg
Havre Badminton Club,Le Havre
Hellemmes Le Badminton,HELLEMMES LILLE
Hem Badminton,Hem
Hénon Badminton Club,Hénon
Her Badminton,Noirmoutier-en-l'Île
Herbignac Badminton Club,Herbignac
Houppeville Badminton Club,Houppeville
Ile d'Olonne Badminton Club,L'Île-d'Olonne
I'M BAD Beaumont,Beaumont
Issy Les Mx Badminton Club,Issy-les-Moulineaux
Istres Sport Badminton,Istres
J.s.b. Labouheyre,Labouheyre
Jargeau Sport Saint Denis  Bad,Darvoy
Jeanne d'Arc de Caluire,Caluire-et-Cuire
Jeanne D'arc Maisons-Alfort,Maisons-Alfort
Jeanne D'arc St Servan,Saint-Malo
Jeunesse d'Yvrac Badminton,Yvrac
Jeunesse Sportive De Ste Eulalie,Sainte-Eulalie
Jeunesses Sportives De Coulaines,Coulaines
Joyeuse Plume Des Aspres,Thuir
Js. Nouvoitou Section Badminton,Nouvoitou
JURY BADMINTON CLUB,Jury
Juvibad,Juvignac
Karukera Sporting Club,Petit-Bourg
Karukera Sporting Club,Petit-Bourg
Kimbad Ollioules,Ollioules
Kiwis Volants Badminton,Villers-Bretonneux
Kourou Reflexe Badminton,Kourou
L V Aire Sur La Lys,Aire-sur-la-Lys
La Bad Compagnie Chasseneuillaise,Chasseneuil-sur-Bonnieure
La Bande du Bad'Ille,Montreuil-sur-Ille
La Bressaude Badminton,La Bresse
La Ciotat Badminton,La Ciotat
La Gauloise de Trinité,La Trinité
La Ligugeenne Badminton,Ligugé
La Plume De Charleville,Charleville-Mézières
La Plume de Gallardon,Gallardon
La Plume Du Tampon,Le Tampon
La Plume et le Volant,Châteaurenard
La Plume Montmelianaise,Montmélian
La Plume Toulougienne,Toulouges
La Plume Tourangelle St Georges,Saint-Georges-sur-Cher
La Saint Louis De Gonzague,Limoges
La Souchezoise,Souchez
La Turbad,La Turballe
La Vaillante Autun - Badminton compétition,Autun
La Verpilliere Badminton,La Verpillière
Lagord Tennis Squash,Lagord
Lailly Badminton Club,Lailly-en-Val
Lamballe Badminton Club,Lamballe
Langeais Cinq Mars Badminton,Langeais
Laon Badminton Club,Laon
Lapwent Badminton Club,Pointe-à-Pitre
Lapwent Badminton Club,Pointe-à-Pitre
L'arbresle Badminton Club,L'Arbresle
Larcay Badminton,Larçay
Larians Badminton Club,LARIANS
Lasseube Badminton,Lasseube
Laudon Badminton Club Saint Jorioz,Saint-Jorioz
le Bad En Folie Pornic Badminton Club,Pornic
Le Bad St Sul'Club,Saint-Sulpice-les-Feuilles
Le Badminton Crechois,Crêches-sur-Saône
Le Badminton Guénangeois,Guénange
Le Badminton Yssingelais,Yssingeaux
Le Cellier Ligné Union Badminton,Le Cellier - Ligné
Le Fouette Isberguois,Isbergues
Le Fun  Club,St Louis
LE MANS BADMINTON,Le Mans
Le Perche Senonchois Badminton,Senonches
Le Poix Plume,Poix-Terron
Le Rush Aux Fées,Retiers
Le Sert Volant St Martin,Saint-Martin-d'Uriage
Le Volant Agyle,Saint-Ay
Le Volant Ardentais,Ardentes
Le Volant Arnouville Gonesse,Arnouville-lès-Gonesse
Le Volant Bourgetain,Le Bourget-du-Lac
Le Volant Buissonnais,Le Buisson-de-Cadouin
Le Volant Calonnois,Calonne-Ricouart
LE VOLANT CHAPELLOIS,La Chapelle-des-Fougeretz
Le Volant De Juvisy,Juvisy-sur-Orge
Le Volant de l' Esquirot,Sainte-Hélène
Le Volant De L'Isle,Guîtres
Le Volant des Alberes,Argelès-sur-Mer
Le Volant Des Domes,Clermont-Ferrand
Le Volant Dingue,Saint-Sulpice-Laurière
Le Volant d'Oc Vauréen,Lavaur
Le Volant d'Oyeu,Oyeu
Le Volant Enchanteur,Montfort
Le Volant Fou Guipellois,Guipel
Le Volant Gigeannais,Gigean
Le Volant Guémenois,Guémené-sur-Scorff
Le Volant Hagetmautien,Hagetmau
Le Volant Houdinois,Houdain
Le Volant Masque Cloharsien,Clohars-Carnoët
Le Volant Pïen,Wignehies
Le Volant Pomerolais,Pomerol
Le Volant Salanquais,Torreilles
Le Volant Saluceen,Saulx-les-Chartreux
Le Volant Sammiellois,Saint-Mihiel
Le Volant Sapien,Le Sap
Le Volant Sévérois,Sainte-Sévère-sur-Indre
League Miler Athletic,Meung-sur-Loire
Leforest Badminton Club,Leforest
L'Envolant d'Entzheim,Entzheim
Leo Lagrange Nantes,Nantes
Leopard Saint Georges Badminton,St Georges Groseillers
Les Accros Du Badminton Niortais,Niort
Les Aces Du Volant,Limoges
Les Affranchis du Volant du Rail,La Francheville
Les As du Volant,Saint-Sulpice
Les As du Volant club de Badminton de Montbazon,Montbazon
Les As Du Volant Section Badminton,Cadillac
Les As Du Volant Tregueusiens,Trégueux
Les Ba Bad Cools de Parigné,Parigné-l'Évêque
Les Badistes de Tremblay les Villages,Tremblay-les-Villages
Les Badistes d'Espace en Pévèle,Coutiches
Les Badistes du Born,Mimizan
Les Bauzibads,Fonbeauzard
Les Bouchons d'Loudia badminton club,Loudéac
Les Bramentombes,La Souterraine
Les Broonnais Volants,Broons
Les Chouettes Amis Badistes de Prayssas,Prayssas
Les Craquettes Du Ried,Hilsenheim
Les Douai du Bad,Douai
Les Ecureuils de Péronne,Péronne
Les Emplumes Cornimont,Cornimont
Les Fer'volants,La Ferrière
Les Fous Du Volant,Arsac
Les Fous Du Volant,Corps-Nuds
Les Fous du Volant,Irodouër
Les Fous du Volant,Kervignac
Les Fous du Volant,Camiers
Les Fous Du Volant A Plumes,Gisors
Les Fous du Volant Ambrault,Ambrault
Les Fous du Volant Aussonnais,Aussonne
Les Fous du Volant Bray sur Somme,Bray-sur-Somme
Les Fous Du Volant Charmes,Charmes
Les Fous Du Volant Chinon,Chinon
Les Fous du Volant Cransacois,Cransac
Les Fous du Volant de Létra,Létra
Les Fous du Volant de l'Eyrieux,Saint-Sauveur-de-Montagut
Les Fous du Volant Domloup,Domloup
Les Fous Du Volant Dourdan Bad,Dourdan
Les Fous du Volant en Terres Vives,Saint-Martin-d'Auxigny
Les Fous du Volant Golfech,Golfech
Les Fous Du Volant Guipry-Messac-Pipriac,Guipry
Les Fous Du Volant Herlies,Herlies
Les Fous Du Volant La Fouillouse,La Fouillouse
Les Fous Du Volant La Meilleraie,La Meilleraie-Tillay
Les Fous Du Volant Nexonnais,Nexon
Les Fous du Volant Paris,Paris
Les Fous du Volant Ploufraganais,Ploufragan
Les Fous Du Volant Puygouzon,Puygouzon
Les Fous Du Volant Quincy/senart,Quincy-sous-Sénart
Les Fous Du Volant St Berthevin,Saint-Berthevin
Les Fous Du Volant St Julien -ASCDG,Saint-Julien-en-Genevois
Les Fous Du Volant Tulle,Tulle
Les Fous Du Volant Vinay,Vinay
Les Fous Du Volant Wavrin,Wavrin
Les Fous Volants Vigneux,Vigneux-de-Bretagne
Les Frappés du Volant,Hillion
Les Frappés du Volant-Badminton Sombernon,Sombernon
Les Grands Barjots de Le Grand Bourg,Le Grand-Bourg
Les Loustic'bad Glazik,Briec
Les Manchots de la rade,Brest
Les Moineaux d'Iroise,Locmaria-Plouzané
Les Nuages De Plumes De Champlan,Champlan
Les Plumes Duclairoises,Duclair
Les Plumes Lavalloises,Laval
Les Plumes Oléronaises,Saint-Pierre-d'Oléron
Les Plumes Volantes,Saint-Erblon
Les Plum'Eure de Jouy-Saint Prest,Jouy-Saint Prest
Les Poly-Volants de Fenain,Fenain
Les Raquetteurs Tonneinquais,Tonneins
Les Sardines Volantes,Douarnenez
Les Sass Du Volant,Saint-Sever
Les Sternes de Ploubaz,Ploubazlanec
Les Volants Barpais,Le Barp
Les Volants Baventais,Bavent
Les Volants D'albret,Nérac
Les Volants de Bellefontaine,Bellefontaine
Les Volants de Calvisson,Calvisson
Les Volants De Cergy,Cergy
Les Volants De Chaville,Chaville
Les Volants De Jouy En Josas,Jouy-en-Josas
Les Volants de la Boixe,Saint-Amant-de-Boixe
Les Volants de la Bretagne Romantique,Pleugueneuc
Les Volants de la Cisse,Pocé-sur-Cisse
Les Volants de la Fillière,Groisy
Les Volants de la Mivoie,Amfreville-la-Mi-Voie
Les Volants de la Presquîle,Ambès
Les Volants de la Vallée de Munster,Munster
Les Volants de Lagny sur Marne,Lagny-sur-Marne
Les Volants de Noblat,Saint-Léonard-de-Noblat
Les Volants de Précy,Précy-sur-Oise
Les Volants de Sermaises,Sermaises
Les Volants d'Elancourt,Élancourt
Les Volants du Kochersberg,Willgottheim
les Volants Du Rhin,Drusenheim / Gambsheim
Les Volants du Val,Moult
Les Volants Du Vuache,Vulbens
Les Volants Guido-Fontains,Fontaine-la-Guyon
Les Volants La Richois,La Riche
Les Volants Landreciens,Landrecies
Les Volants Leersois,Leers
Les Volants Préautais,Préaux
Les Volants Solognots,Soings-en-Sologne
Les Vols Au Vent Strasbourg Hautepierre Badminton,Strasbourg
L'Essa's du Volant,Saint-Avé
L'Etoile du Bad de Bourgogne,Bourgogne
Levallois Sporting Club,Levallois-Perret
L'herblaisienne,Herblay
Lille Fives Badminton,Lille Fives
Limoux Badminton Haute-Vallée,Limoux
LINNAM,Paris
L'Oasis -Association Culturelle et Sportive,Saint-Cyr-l'École
Lognes Badminton,Lognes
Loisir Oison Badminton,La Saussaye
Loisirs Cooperatifs Havrais,Le Havre
Loisirs et culture Bretteville/odon,Bretteville-sur-Odon
Longlaville Badminton Club,Longlaville
Longpont Omnisport,Longpont-sur-Orge
Longuenesse Badminton Club,Longuenesse
Loos'Bad,Loos-en-Gohelle
LUC Badminton - Lille Métropole,Lille
Luchon Badminton Club,Bagnères-de-Luchon
Lunéville Badminton Club,Lunéville
Luz Badminton,Saint-Jean-de-Luz
M. J. C. Saumur,Saumur
M.j.c Annonay,Annonay
M.p.t La Mede Badminton,La Mede
Magenta Badminton Club,Magenta
Magny Badminton,Magny-les-Hameaux
Maison des Jeunes et de la Culture Pays de Quintin,Quintin
Maison Pour Tous Susville,Susville
Marguerittes Shuttlecock,Marguerittes
Martigné Bad Club,Martigné-sur-Mayenne
Martigues Badminton Club,Martigues
Martres Badminton Club,Les Martres-de-Veyre
Massy Athletic Sports,Massy
Maure Badminton Club,Maure-de-Bretagne
Maurecourt Badminton Club Olympique,Maurecourt
Melorienne Badminton,Saint-Méloir-des-Ondes
Méré Yvelines us BADminton,La Queue-les-Yvelines
Mereau Badminton Club,Méreau
Merpins Badminton,Merpins
Méry Sur Oise Badminton,Méry-sur-Oise
Meslay Badminton,Meslay-du-Maine
Metz Badminton,Metz
Metz Saint Quentin Badminton,Le Ban-Saint-Martin
Mios-Biganos Badminton Club,Mios
Miramas Badminton Club,Miramas
Miramont Badminton Club,Miramont-de-Guyenne
Mirande Badminton Club,Mirande
Mjc Anatole-france,Grenoble
MJC Badminton Villefranche de Lauragais,Villefranche-de-Lauragais
Mjc Boby Lapointe Villebon,Villebon-sur-Yvette
MJC de Rieumes et du Savès - Badminton,Rieumes
Molsheim Olympique Club,Molsheim
Monaco Badminton,Monaco
Monbonnot St Martin Badminton,Montbonnot-Saint-Martin
MontaBad,Montamisé
Montalieu-vercieu Badminton Club,Montalieu-Vercieu
Montauban Badminton Club,Montauban
Montbrison Badminton Club,Montbrison
Monter'Bad,Monterblanc
Montigny Badminton Club,Montigny-en-Gohelle
Montmagny-sports,Montmagny
Montpellier Badminton Club,Montpellier
Morez Badminton,Morez
Morigny Champigny Bc,Morigny-Champigny
Morsang S/orge Badminton,Morsang-sur-Orge
Mougins Badminton Club,Mougins
Mouroux Badminton Club,Mouroux
Muel Section Badminton 35,Muel
Multi Sports Laragnais,Laragne-Montéglin
Mundolsheim Badminton Club,Mundolsheim
Nailloux Badminton Club,Nailloux
Nantes Etudiants Club,Nantes
Nantes Gigant Bad,Nantes
Nemours Badminton Club,Nemours
Nice Universite Club Badminton,Nice
Nieppe Badminton Club,Nieppe
Niort Badminton Club,Niort
Noceen Badminton Club,Neuilly-sur-Marne
Nohanent Puy Valeix,Nohanent
Nordon Badminton Club,Nancy
Nort Athletic Club,Nort-sur-Erdre
Nouvelle Association Badminton LAxou,Laxou
Nozay Badminton,Nozay
Nozay Badminton Association,Nozay
Ô Bad Fertois,La Ferté-sous-Jouarre
Oberschaeffolsheim Badminton,Oberschaeffolsheim
OC Cesson-Sevigne Badminton,Cesson-Sévigné
Oc Gif Badminton,Gif-sur-Yvette
Offran'Vol Loisir,Offranville
Oissel Badminton,Oissel
OLEMPS BADMINTON CLUB,Olemps
Olympe Badminton Club,Toulouse
Olympique Badminton Club Nimes,Nîmes
Olympique Badminton Club Noumea,Noumea
Olympique Badminton Les Ancizes - Comps,Les Ancizes-Comps
Olympique Baugeois Badminton,Baugé
Olympique Cabries Calas Bad.","Cabriès
Olympique Club Montalbanais,Montauban-de-Bretagne
Omnia Sports De Sannois,Sannois
Omnibad Nord Est Anjou,Vernantes-Allonnes-Longué-Noyant
Omnisports Frouard Pompey Bad,Frouard
Omnisports Munic. Lommois Bad.","Lomme
Orthez Club Badminton,Orthez
Orvault Badminton Club,Orvault
Osm Sequedinois Badminton,Sequedin
Outre Forêt Badminton Club,Soultz-sous-Forêts
Panazol Badminton Club,Panazol
Passy Mont Blanc,Passy
Patronage Laique Beaujardin Raspail Tours,Tours
Patronage Laique D'octeville,Octeville
Patronage Laique Relecq-kerhuon,Le Relecq-Kerhuon
Patronage Laique Villette Paul Bert,Lyon
Patronages Laiques De Troyes,Troyes
Perpignan Roussillon Badminton,Perpignan
Petits Tamis Loriolais,Loriol-sur-Drôme
Peugeot Syst. Auto. AC Charleville-Mezières,Charleville-Mézières
Phalsbourg Badminton Club,Phalsbourg
Philo-Volants d'Hag,Haguenau
Phoenix Badminton Club,Feuquières-en-Vimeu
Plaintel Badminton Club,Plaintel
Plessis Badminton,Le Plessis-Pâté
Plestin Badminton,Plestin-les-Grèves
Plm Badminton Conflans Ste Honorine,Conflans-Sainte-Honorine
Ploeucoise Badminton,Ploeuc Sur Lie
Plume Lauragaise,Villefranche-de-Lauragais
Plume Sportive Sanceenne,Saint-Julien-les-Villas
Plumes d'Ergue,Ergué-Gabéric
Plumes En Folie De Serifontaine,Sérifontaine
Pluvi'Bad,Pluvigner
Poissy Badminton Club,Poissy
Pontarlier Badminton,Pontarlier
Poona Montivilliers Bad.club,Montivilliers
Pornichet Badminton Club,Pornichet
Pournoy La Chétive Badminton,Pournoy-la-Chétive
Prades Badminton,Prades
Pradines Badminton,Pradines
Presqu'île Crozon Badminton,Crozon
Prole Badminton Saint Claude,Saint-Claude
Pro-Patria,Maringues
Questembert Badminton Club,Questembert
R. S. St Cyr Sur Loire,Saint-Cyr-sur-Loire
Racing Athlétic Club des Cheminots,Nantes
RACING CLUB DE FRANCE,Paris
Racing Club Pantin,Pantin
Raquette Club Beinheim,Beinheim
Raquettes Club De Ballan,Ballan-Miré
Raquettes Club St Jean des Champs,Saint-Jean-des-Champs
Raquettes Vallon Ohlungen,Ohlungen
Raquetteurs Volants Egletons,Égletons
Re Badminton Club,Saint-Martin-de-Ré
REC Badminton,Rennes
Recrea-gym,Plaisance-du-Touch
Red Star Club Champigny,Champigny-sur-Marne
Red Star Club Montreuillois,Montreuil
Red Star Mulhouse,Mulhouse
Régina Badminton,Bégrolles-en-Mauges
Reichshoffen Badminton Club,Reichshoffen
Reims Europe Club Badminton,Reims
Reims Universite Club,Reims
Remiremont Badminton Club,Remiremont
Rennes Universites Club,Rennes
Reveil Laique Pontivien,Pontivy
Rhuys Badminton,Sarzeau
Riom Badminton Club,Riom
Rioz Bad,Rioz
Romilly Sport 10,Romilly-sur-Seine
Ruche Sportive Nouanaise Badminton,Nouan-le-Fuzelier
Rueil Athletic Club,Rueil-Malmaison
Rush Bad Fontaine-lès-Dijon,Fontaine-lès-Dijon
S et L Constantia Strasbourg-neud,Strasbourg
S. A. Merignac Badminton,Mérignac
S. L. P. Chaulnes Badminton,Chaulnes
S. Sport. De La Securite Sociale,Rennes
Sablé smash'n'bad,Sablé-sur-Sarthe
Sablons Badminton Club,Sablons
Saint Affrique Badminton,Saint-Affrique
Saint André de Cubzac Badminton,Saint-André-de-Cubzac
Saint Be Bad,Saint-Benoît-du-Sault
Saint Chamond Badminton Club,Saint-Chamond
Saint Cyprien Badminton,Saint-Cyprien
Saint François Badminton Club,Saint-François
Saint François Badminton Club,Saint-François
Saint Gely - Saint Clément Badminton,Saint-Gély-du-Fesc
Saint Genis Badminton,Saint-Genis-Pouilly
Saint Georges Badminton,Saint-Georges-sur-Eure
Saint Germain Badminton,Saint-Germain-du-Corbéis
Saint Jacques Badminton,Saint-Jacques-de-la-Lande
Saint Jean Badminton Club,Saint-Jean
Saint Joseph Badminton Club,Saint-Joseph
Saint Martin Badminton,Saint-Martin-du-Fouilloux
Saint Martin Sports,Romorantin
Saint Mathurin Badminton Club,Saint-Mathurin
Saint Nazaire Badminton,Saint-Nazaire
Saint Pierre Badminton,Saint-Pierre-Église
Saint Pierre Olympique Club,Saint-Pierre-Quiberon
Saint Quentin Badminton Club,Saint-Quentin
Saint Sim'Bad,Saint-Siméon-de-Bressieux
Saint Vaury Badminton Club,Saint-Vaury
Saint Xandre Badminton Club,Saint-Xandre
Saint-Orens Badminton,Saint-Orens-de-Gameville
Saint-yrieix Badminton,Saint-Yrieix-sur-Charente
Saligny Vendée Badminton,Saligny
Sam Badminton,Moncoutant
Sancerre Badminton,Sancerre
Sancy Artense Badminton,La Tour-d'Auvergne
Sant Ké Bad'","Saint-Quay-Portrieux
Sarreguemines Badminton Club,Sarreguemines
Sas Badminton,Notre-Dame-de-Sanilhac
Sassenage Badminton Club,Sassenage
Saulnes Badminton Club,Saulnes
Savigné Les Volants,Savigné-l'Évêque
Savonnières Badminton Club,Savonnières
SC Sélestat,Sélestat
Sect. Bad. Claye-souilly,Claye-Souilly
Section Agnelaise de BAdminton,Agneaux
Section Badminton Amicale Laïque de Tardy,Saint-Étienne
Section Badminton de Carbon Blanc du CACBO,Carbon-Blanc
Section Badminton du CO Remilly,Rémilly
Section Badminton Hilairoise,Saint-Hilaire-de-Villefranche
Section Badminton Quincy-voisins,Quincy-Voisins
Section Noiseenne De Badminton,Noisy-le-Grand
Semur En Auxois Badminton,Semur-en-Auxois
Sénart Badminton,Combs-la-Ville
Sens Olympique Badminton Club,Sens
Sereilhacois Badminton Club,Séreilhac
Set Badminton Marseille,Marseille
Sete Badminton Club,Sète
Sid Badminton,La Chapelle-Vendômoise
Sim'Bad,Simandres
Simiane Badminton Club,Simiane-Collongue
SLSN Badminton Club Condé sur Noireau,Condé-sur-Noireau
Smash Club USMG,Gagny
SMOC Badminton,Saint-Jean-de-Braye
Sochaux Badminton,Sochaux
Société Aygulfoise Sports et Loisirs,Saint-aygulf
Societe Sportive Cluis Badminton,Cluis
Société Sportive de Bonnat - section Badminton,Bonnat
Soisy Bad Association,Soisy-sur-Seine
Soleil Volant,Tosse
Sorbiers Badminton 42,Sorbiers
Speed Bad Club,Méricourt
Sport Athletique Verdunois,Verdun
Sport Détente Seichois Badminton,Seiches-sur-le-Loir
Sport Elec Dampierre - section Badminton,Dampierre-en-Burly
Sport et Loisir 15eme,Paris
Sport Loisir Club,Grand-Champ
Sport. Club Gretz-tournan,GRETZ-TOURNAN
Sporting Cheminot de Pratique Omnisports Badminton,Ivry-sur-Seine
Sporting Club Aresien Badminton,Arès
Sporting Club Briard,Brie-Comte-Robert
Sporting Club De Beaucouze,Beaucouzé
Sporting Club de Choisy-Le-Roi,Choisy-le-Roi
Sporting Club De St Amand,Saint-Amand-Montrond
Sporting Club Draveil Badminton,Draveil
Sporting Club du Volant Biachet,Désertines
Sporting Club Mevennais,Saint-Méen-le-Grand
Sports Adapei 44,Nantes
Sports Et Loisirs Dommartinois Badminton,Dommartin
Sports et Loisirs Saint Romain,Saint-Romain-Lachalm
Sports Loisirs De L'ornel,Bettancourt-la-Ferrée
Sports Loisirs et Détente de Betschdorf,Betschdorf
SREG Mulhouse Badminton,Mulhouse
Ssl La Concorde 1913 Duttlenheim,Duttlenheim
St Go Bad,Saint-Gaultier
St Laurent Athletique Club,Saint-Laurent-de-Brèvedent
St Martin En Campagne Badminton,Saint-Martin-en-Campagne
Stade Auxerrois,Auxerre
Stade Des Olonnes Badminton Club,Olonne-sur-Mer
Stade Francais,Paris
Stade Laurentin Badminton,Saint-Laurent-du-Var
Stade Marseillais Universite Club,Marseille
Stade Montois,Mont-de-Marsan
Stade Multisports De Montrouge,Montrouge
Stade Olympique Du Maine,Le Mans
Stade Olympique Millavois Bad.","Millau
Stade Porte Normande,Vernon
Stella Sports St Maur,Saint-Maur-des-Fossés
Strasbourg Universite Club,Strasbourg
Sud Quercy Lafrançaise Omnisport,Lafrançaise
Sundgau Badminton,Altkirch
T.p.b-a.s Raquettes Val D'europe,Bailly-Romainvilliers
Tagnon Sports Badminton,Tagnon
Talant Badminton Club,Talant
Tamari Club Messei Badminton,Messei
Tamis Guilherandais en Vivarais Badminton,Guilherand-Granges
Tarare Badminton Club,Tarare
Tennis Badminton Club de Foug,Foug
Tennis Badminton La Mezière,La Mézière
Tennis Club d'Annoeullin,Annoeullin
Tennis Club Saint Martinois,Saint-Martin-en-Haut
Tennis Club Sainte Sigolène,Sainte-Sigolène
Tennis Squash Badminton Jarville,Jarville-la-Malgrange
Tennis Unis de Bondues,Bondues
The Bad Montils,Les Montils
Thiviers Badminton Club,Thiviers
Thonon Badminton Club,Thonon-les-Bains
Thouarce Badminton,Thouarcé
Ti Bad Gosier Baie-Mahault,Le Gosier
Ti Bad Gosier Baie-Mahault,Le Gosier
Tissu Associatif de Quincampoix,Quincampoix
Tlse Olymp.aerospatiale club,Toulouse
Ton Bad à Spay Min Club,Spay
Torcy Badminton Club,Torcy
Toulouse Université Club Bad.","Toulouse
Tourcoing Badminton Club,Tourcoing
Touvet Badminton Club,Le Touvet
Trait d'Union de Verrières le Buisson,Verrières-le-Buisson
Trait Union Etoile St Germain,Saint-Germain-en-Laye
Tregunc Badminton Club,Trégunc
Treillieres Badminton Club,Treillières
Tremblay Athletic Club Badminton,Tremblay-en-France
Triel Badminton Club,Triel-sur-Seine
U S M Vire Badminton,Vire
U. S. A. Cheminots De Somain,Somain
U. S. C. A. Châlonnaise,Châlons-en-Champagne
U. S. Carrieres/seine,Carrières-sur-Seine
U. S. Chambray Badminton,Chambray-lès-Tours
U. S. Monsoult-baillet-maffliers,Montsoult
U. S. Renaudine Badminton,Château-Renault
U. S. Tyrosse Badminton,Saint-Vincent-de-Tyrosse
U. Sport. Chauvinoise Badminton,Chauvigny
U. Sportive De L'ouest Lyonnais,Vaugneray
U.s De La Jeunesse Mitry,Mitry-Mory
U.s. Issoire,Issoire
U.S. Ramonville Badminton,Ramonville-Saint-Agne
U.S.CHARTRONS BADMINTON,Bordeaux
Ujap Badminton Quimper,Quimper
Ums Pontault-combault,Pontault-Combault
UnaNîm'Bad,Nîmes
Union Associative et Sportive Badminton,Saint-Cloud
Union Athlet De Montreuil Bellay,Montreuil-Bellay
Union Athletique Société Generale,Nantes
Union Badminton Club de la Baie,Avranches/St Hilaire/Donville/Is
Union Cosnoise Sportive,Cosne-Cours-sur-Loire
Union des Sports Fléchois - Badminton,La Flèche
Union Et Concorde Bricquebec,Bricquebec
Union Frat. et Sport. de Vaucresson Badminton,Vaucresson
Union Montilienne Sportive Badminton,Montélimar
Union S.beaufortaise De Bad.","Beaufort-en-Vallée
Union Saint Genestoise de Badminton,Saint-Genix-sur-Guiers
Union Saint-Bruno,Bordeaux
Union Spor. Leguevinoise Bad.","Léguevin
Union Sport. Curial Cambrai,Paris
Union Sport. et Cult. Vergeenne,Le Verger
Union Sport. Ezanville-ecouen,Ézanville-Ecouen
Union Sport. Mun. Villeparisis,Villeparisis
Union Sport. Munic. Malakoff,Malakoff
Union Sport. Pecq,Le Pecq
Union Sport. Villaines La Juhel,Villaines-la-Juhel
Union Sport. Ville D'avray,Ville-d'Avray
union sportive Argentonnaise section Badminton,Argenton-sur-Creuse
Union Sportive Argentré Badminton,Argentré
Union Sportive Bazas - Badminton,Bazas
Union Sportive Bazougeaise de Badminton,Bazouges-la-Pérouse
Union Sportive Change Badminton,Changé
Union Sportive Clémentaise Badminton,Saint-Clément-de-la-Place
Union Sportive Crauroise,La Crau
Union Sportive Creteil,Créteil
Union Sportive Dacquoise,Dax
Union Sportive d'Aigurande Badminton,Aigurande
Union Sportive de Badminton de Guignen,Guignen
Union Sportive de Cagnes sur Mer - Badminton,Cagnes-sur-Mer
Union Sportive De Colomiers,Colomiers
Union Sportive De Laille,Laillé
Union Sportive De Lillebonne,Lillebonne
Union Sportive De Marly Le Roi,Marly-le-Roi
Union Sportive de Noyal-Chatillon sur Seiche,Noyal-chatillon
Union Sportive De Palaiseau,Palaiseau
Union Sportive des Cheminots Dijonnais,Dijon
Union Sportive des Cheminots Marseillais,Marseille
Union Sportive d'Etrépagny,Étrépagny
Union Sportive D'Ivry,Ivry-sur-Seine
Union Sportive Du Jarnisy,Jarny
Union Sportive Du Pre En Pail,Pré-en-Pail
Union Sportive Fismoise - Badminton,Fismes
Union Sportive Florentaise - Badminton,Saint-Florent-sur-Cher
Union Sportive Fontenaysienne - Badminton,Fontenay-sous-Bois
Union Sportive Gravelinoise,Gravelines
Union Sportive Hondschootoise Badminton,Hondschoote
Union Sportive Ingré,Ingré
Union Sportive Jovinienne,Joigny
Union Sportive Le Poinçonnet,Le Poinçonnet
Union Sportive Lignanaise Bad.","Lignan-de-Bordeaux
Union Sportive Maubeugeoise Badminton,Maubeuge
Union Sportive Montanay Bad.","Montanay
Union Sportive Mortagnaise Badminton,Mortagne-au-Perche
Union Sportive Mpale De Saran,Saran
Union Sportive Municipale de Chanteau Badminton,Chanteau
Union Sportive Municipale de Montargis,Montargis
Union Sportive Municipale des Clayes sous Bois,Les Clayes-sous-Bois
Union Sportive Oyonnax Badminton,Oyonnax
Union Sportive Petruvienne,Saint-Pierre-sur-Dives
Union Sportive Saint Arnoult,Saint-Arnoult-en-Yvelines
Union Sportive Saint Jacques,Saint-Jacques-sur-Darnétal
Union Sportive St Ciers,Saint-Ciers-sur-Gironde
Union Sportive Talence Badminton,Talence
Union Sportive Tournebride Hayange,Hayange
Union Sportive Tropezienne Bad,Saint-Tropez
Union Sportive Vernoise Badminton,Vern-sur-Seiche
Union Sportive Verton,Verton
Union Sportive Villejuif,Villejuif
Union Sportve de Saint GILLES - Les Accrobads,Saint-Gilles
Us Acignolaise De Badminton,Acigné
US Chateaugiron,Châteaugiron
Us Du Chatelet En Brie Badminton,Le Châtelet-en-Brie
US Dunkerque,Dunkerque
Us Liffreenne Badminton,Liffré
Us Mordelles Badminton,Mordelles
Us Tinteniac-saint Domineuc,Tinténiac
Uscclm Section Badminton,Châtres-sur-Cher
USOPOC BADMINTON,FLEURY LES AUBRAIS/ORLEANS
Uspg Badminton,Saint-Valérien
Ussa14 Badminton St Andre,Saint-André-sur-Orne
Ussel Badminton Club,Ussel
Uzes Badminton,Uzès
V3F - Volant des 3 Frontières,Village Neuf-St Louis-Attenschwi
Vaillante Omnisport  Saint Brice,Saint-Brice-sous-Forêt
Vaillante Sports Angers Badminton,Angers
Val D'ambene Badminton,Charbonnières-les-Varennes
Val De Sarthe Badminton,Noyen-sur-Sarthe
Valenciennes Universite Club,Valenciennes
Vallée de l'Avre Badminton Club,Saint-Rémy-sur-Avre
Varennes Badminton Club,Varennes-sur-Allier
Vaujours Bad. Club Des Etoiles,Vaujours
Velo Sport Fertois,La Ferté-Bernard
Verneuil Badminton,Verneuil-sur-Vienne
Versailles Badminton,Versailles
Version Bad,Meyzieu
Versoud Badminton club,Le Versoud
Vic Comte Badminton,Vic-le-Comte
Vie Locale et Animation Jeunesse Pays de Boussac,Boussac
Vienne Glane Badminton,Oradour-sur-Glane
Vieux-Condé Badminton,Vieux-Condé
Vimoutiers Badminton Club,Vimoutiers
Vimy Badminton Club,Vimy
Vincennes Badminton Club,Vincennes
Vitreenne Badminton,Vitré
Vitrolles Badminton,Vitrolles
Vitry Bad Club,Vitry-en-Artois
Vivarais Badminton,Vals-les-Bains
Voland' Badminton Club,Landeronde
Volant Basseen,La Bassée
Volant Bisontin,Besançon
Volant Club Toulousain,Toulouse
Volant de Pontgibaud,Pontgibaud
Volant des Isles du Doubs,Appenans
Volant Des Turlurons,Billom
Volant Etrellais,Étrelles
Volant Intrepide Saint Pierrin,Saint-Pierre-de-Lages
Volant Montois,Saint-Jean-de-Monts
Volant Opale Club,Boulogne-sur-Mer
Volant Radieux Pinsaguelois,Pinsaguel
Volant Saint Martin,Toulouse
Volant Savenaisien,Savenay
Volant Stéphanois Badminton,Saint-Etienne-de-Tulmont
Volants 3000,Chavagnes Les Eaux
Volants Non Identifies,Tilly-sur-Seulles
Volants Velizy-villacoublay,Vélizy-Villacoublay
Volants Wormhoutois,Wormhout
Volontaires Janzeens Badminton,Janzé
Vouillé Badminton,Vouillé
Wasquehal Badminton Club,Wasquehal
Who's Bad - Le Badminton Galant,Grand-Bourg
Who's Bad - Le Badminton Galant,Grand-Bourg
Who's Bad Paris,Paris
Woincourt Badminton Club,Woincourt
Wolfi'Bad,Wolfisheim
Xtrem Bad Poisy,Poisy
Yvetot Badminton Club,Yvetot
Zem'bad Le Montat,Le Montat